STT,NHÓM CHỨC NĂNG,CHỨC NĂNG,TRẠNG THÁI DEV,MH TEST,Ghi chú
0,Dashboard,Thống kê tổng quan,,Đang test,MH update: 22/08/2026
,,Thống kê thiết bị,Đã hoàn thiện,Đã hoàn thiện,MH update: 22/08/2026
,,Thống kê chiến dịch,Đã hoàn thiện,Đã hoàn thiện,MH update: 22/08/2026
,,Thống kê dữ liệu thu thập,Đã hoàn thiện,Đang test,MH update: 22/08/2026
,,Thống kê lỗi / cảnh báo,Đã hoàn thiện,Đã hoàn thiện,MH update: 22/08/2026
1,Avatar/account,Nhập từ file,Đang phát triển,Chưa test,MH update: 22/08/2026
,,"Xem danh sách, tìm kiếm",,chưa hoạt động,MH update: 22/08/2026
,,Login avatar,,chưa hoạt động,MH update: 22/08/2026
,,Xóa avatar,,chưa hoạt động,MH update: 22/08/2026
,,Check live/die,,chưa hoạt động,MH update: 22/08/2026
,,"Sửa thông tin (đổi proxy, phong cách, device, thời gian online…)",,chưa hoạt động,MH update: 22/08/2026
,,Gán avatar cho workspace (Admin),,chưa hoạt động,MH update: 22/08/2026
2,Nhóm kịch bản,"Xem danh sách, tìm kiếm",,chưa hoạt động,MH update: 22/08/2026
,,Tạo nhóm kịch bản,,chưa hoạt động,MH update: 22/08/2026
,,Chỉnh sửa,,chưa hoạt động,MH update: 22/08/2026
,,Xóa,,chưa hoạt động,MH update: 22/08/2026
3,Cài đặt Kịch bản,"Xem danh sách, tìm kiếm",Đã hoàn thiện,Đã hoàn thiện,MH update: 22/08/2026
,,Xem chi tiết kịch bản,Đã hoàn thiện,Đã hoàn thiện,MH update: 22/08/2026
,,Thêm kịch bản,Đã hoàn thiện,Chưa test,MH update: 22/08/2026
,,AI tạo kịch bản (từ danh sách hành động),,Chưa test,MH update: 22/08/2026
,,Chỉnh sửa,Đã hoàn thiện,Chưa test,MH update: 22/08/2026
,,Xóa,Đã hoàn thiện,Đã hoàn thiện,MH update: 22/08/2026
4,Cài đặt hành động,"Xem danh sách, tìm kiếm",,,
,,Thêm mới hành động &Cấu hình,,,
,,Sửa cấu hình,,,
,,Xóa hành động,,,
,,Khôi phục mặc định,,,
5,Quản lý phong cách,"Xem danh sách, tìm kiếm",,chưa hoạt động,
,,Tạo phong cách,,chưa hoạt động,
,,AI tạo phong cách,,chưa hoạt động,
,,Chỉnh sửa,,chưa hoạt động,
,,Xóa,,chưa hoạt động,
6,Quản lý workspace (ADMIN),"Xem danh sách, tìm kiếm",,,
,,Thêm mới workspace (cấp tài khoản owner),,,
,,"Sửa thông tin (description, gán Agent, cấp lại mật khẩu owner...)",,,
,,Xóa workspace,,,
7,Quản lý Agent (ADMIN),"Xem danh sách, tìm kiếm",,,
,,"Thêm mới Agent, sinh mã active",,,
,,Sửa thông tin Agent,,,
,,Xóa Agent,,,
8,Quản lý proxy,"Xem danh sách, tìm kiếm",,,
,,Thêm mới,,,
,,Sửa thông tin proxy,,,
,,Xóa proxy,,,
,,Check live/die,,,
,,Gán proxy cho workspace (Admin),,,
9,Agent điều khiển PhoneFarm,"Đồng bộ dữ liệu (Avatar, Kịch bản…)",,,
,,"Đẩy dữ liệu lên server (logs, thông tin hoạt động…)",,,
,,Thực thi kịch bản,Đã hoàn thiện,,
,,Ghi logs (history của avatar),,,
,,"Active Agent (cấu hình endpoint server, call api active…)",,,
10,Cài đặt,Login/Logout hệ thống,Đã hoàn thiện,chưa hoạt động,MH update: 22/08/2026
,,Đổi mật khẩu,,chưa hoạt động,MH update: 22/08/2026
,,Cài đặt hệ thống,,Chưa test,
11,Thông báo,Xem danh sách thông báo,Đã hoàn thiện,Đã hoàn thiện,MH update: 22/08/2026
,,Lọc thông báo chưa đọc,Đã hoàn thiện,Đã hoàn thiện,MH update: 22/08/2026
,,Xem số lượng thông báo chưa đọc,Đã hoàn thiện,Đã hoàn thiện,MH update: 22/08/2026
,,Đánh dấu đã đọc,Đã hoàn thiện,Đã hoàn thiện,MH update: 22/08/2026
,,Đánh dấu tất cả đã đọc,Đã hoàn thiện,Đã hoàn thiện,MH update: 22/08/2026
12,Quản lý nhóm device,Xem danh sách nhóm device,Đã hoàn thiện,Đã hoàn thiện,MH update: 22/08/2026
,,Xem chi tiết nhóm device,Đã hoàn thiện,Đã hoàn thiện,MH update: 22/08/2026
,,Tạo nhóm device,Đã hoàn thiện,Đã hoàn thiện,MH update: 22/08/2026
,,Chỉnh sửa nhóm device,Đã hoàn thiện,Đã hoàn thiện,MH update: 22/08/2026
,,Xóa nhóm device,Đã hoàn thiện,Đã hoàn thiện,MH update: 22/08/2026
,,Thêm device vào nhóm,Đã hoàn thiện,Đã hoàn thiện,MH update: 22/08/2026
,,Xóa device khỏi nhóm,Đã hoàn thiện,Đã hoàn thiện,MH update: 22/08/2026
,,Lọc device theo nhóm,,chưa hoạt động,MH update: 22/08/2026
,,Dùng nhóm device khi chạy chiến dịch,Đã hoàn thiện,Chưa test,MH update: 22/08/2026
13,Quản lý chiến dịch,Xem danh sách chiến dịch,Đã hoàn thiện,Đã hoàn thiện,MH update: 22/08/2026
,,Tìm kiếm/lọc chiến dịch,,chưa hoạt động,MH update: 22/08/2026
,,Xem chi tiết chiến dịch,,chưa hoạt động,MH update: 22/08/2026
,,Tạo chiến dịch,Đã hoàn thiện,Đã hoàn thiện,MH update: 25/08/2026
,,Chỉnh sửa chiến dịch,Đã hoàn thiện,Đã hoàn thiện,MH update: 25/08/2026
,,Xóa chiến dịch,Đã hoàn thiện,Đã hoàn thiện,MH update: 25/08/2026
,,Gán nhiều kịch bản vào chiến dịch,Đã hoàn thiện,Đang test,MH update: 22/08/2026
,,Sắp xếp / cấu hình thứ tự kịch bản,,Đã hoàn thiện,MH update: 22/08/2026
,,Gán device / nhóm device cho chiến dịch,Đã hoàn thiện,Đã hoàn thiện,MH update: 22/08/2026
,,Gán avatar / nhóm avatar cho chiến dịch,,chưa hoạt động,MH update: 22/08/2026
,,Cấu hình biến chạy chiến dịch,Đã hoàn thiện,Đang test,MH update: 22/08/2026
,,Preview chiến dịch trước khi chạy,Đã hoàn thiện,Đã hoàn thiện,MH update: 22/08/2026
,,Dispatch / bắt đầu chạy chiến dịch,Đã hoàn thiện,Đã hoàn thiện,MH update: 22/08/2026
,,Tạm dừng chiến dịch,Đã hoàn thiện,Chưa test,MH update: 22/08/2026
,,Tiếp tục chiến dịch,Đã hoàn thiện,Chưa test,MH update: 22/08/2026
,,Hủy chiến dịch,Đã hoàn thiện,Chưa test,MH update: 22/08/2026
,,Xem tiến độ chạy chiến dịch,Đã hoàn thiện,Chưa test,MH update: 22/08/2026
,,Xem lịch sử các lần chạy,Đã hoàn thiện,Đã hoàn thiện,MH update: 22/08/2026
,,Xem thống kê kết quả chiến dịch,Đã hoàn thiện,Đã hoàn thiện,MH update: 22/08/2026
,,Retry chiến dịch / retry lỗi,Đã hoàn thiện,Đã hoàn thiện,MH update: 22/08/2026
14,Quản lý nhật ký thực thi (Log),Xem danh sách lần thực thi,Đã hoàn thiện,Đã hoàn thiện,
,,Xem log theo chiến dịch,Đã hoàn thiện,chưa hoạt động,
,,Xem log theo device,Đã hoàn thiện,Đã hoàn thiện,
,,Xem log theo avatar/account,Đang phát triển,chưa hoạt động,
,,Xem log theo từng bước kịch bản,Đã hoàn thiện,chưa hoạt động,
,,Xem event realtime khi đang chạy,Đã hoàn thiện,chưa hoạt động,
,,Xem task log,Đã hoàn thiện,Đã hoàn thiện,
,,Xem run trace,,Chưa test,
,,Xem kết quả pass/fail từng device,Đã hoàn thiện,Chưa test,
,,Xem artifact của lần chạy,,Chưa test,
15,Quản lý dữ liệu thu thập (Data),Xem danh sách dữ liệu thu thập,Đã hoàn thiện,Đã hoàn thiện,
,,Tìm kiếm/lọc theo nền tảng,Đã hoàn thiện,,
,,Lọc theo loại dữ liệu,,,
,,Lọc theo device,,,
,,Lọc theo chiến dịch,Đã hoàn thiện,,
,,Lọc theo execution,Đã hoàn thiện,,
,,Lọc theo avatar/account,,,
,,Xem chi tiết dữ liệu thu thập,Đã hoàn thiện,,
,,Xem dữ liệu con / dữ liệu liên quan,,,
,,"Xem artifact: ảnh, XML, JSON, text",,,
,,Tải artifact,,,
,,Tạo permalink chia sẻ dữ liệu,Đã hoàn thiện,,
,,Xuất dữ liệu CSV/XLSX,Đã hoàn thiện,,
,,Quản lý collection dữ liệu,,,
,,Tạo collection,,,
,,Xóa collection,,,
,,Thống kê dữ liệu thu thập,,,
,,Đồng bộ đối tượng thu thập từ content,,,
,,Quản lý đối tượng thu thập theo platform,,,
,,Gán đối tượng thu thập cho device/avatar,,,
16,Quản lý device,Xem danh sách device,Đã hoàn thiện,Đã hoàn thiện,MH update: 22/08/2026
,,Tìm kiếm/lọc device,,chưa hoạt động,MH update: 22/08/2026
,,Xem chi tiết device,Đã hoàn thiện,Đã hoàn thiện,MH update: 22/08/2026
,,Kết nối device bằng QR,Đã hoàn thiện,Đang test,MH update: 22/08/2026
,,Xóa device,Đã hoàn thiện,Đã hoàn thiện,MH update: 22/08/2026
,,Xem trạng thái online/offline/dead/busy,Đã hoàn thiện,Đã hoàn thiện,MH update: 22/08/2026
,,Xem session đang active,,Chưa test,MH update: 22/08/2026
,,Xem màn hình device,Đã hoàn thiện,Đã hoàn thiện,MH update: 22/08/2026
,,Mở app / mở URL,Đã hoàn thiện,Đã hoàn thiện,MH update: 22/08/2026
,,Chụp màn hình,,Chưa test,MH update: 22/08/2026
,,Lấy hierarchy / UI elements,Đã hoàn thiện,Chưa test,MH update: 22/08/2026
,,Cài đặt app/APK,Đang phát triển,Chưa test,MH update: 22/08/2026
,,Chạy shell command,Đã hoàn thiện,Chưa test,MH update: 22/08/2026
,,Revive device dead,Đã hoàn thiện,Đã hoàn thiện,MH update: 22/08/2026
17,Quản lý dữ liệu tái sử dụng,Xem danh sách nguồn dữ liệu tái sử dụng,,,
,,Tạo dữ liệu tái sử dụng từ dữ liệu thu thập,,,
,,Phân loại theo platform,,,
,,Phân loại theo entity type,,,
,,Gán dữ liệu tái sử dụng vào device/avatar,,,
,,Gán dữ liệu tái sử dụng vào kịch bản,Đã hoàn thiện,,
,,Dùng dữ liệu tái sử dụng làm biến kịch bản,Đã hoàn thiện,,
,,Dùng dữ liệu tái sử dụng làm target pool,Đã hoàn thiện,,
,,Đồng bộ author/profile từ content đã crawl,,,
,,Cập nhật trạng thái dữ liệu tái sử dụng,,,
,,Xóa / archive dữ liệu tái sử dụng,,,
,,Kiểm tra dữ liệu trùng lặp,,,
,,Theo dõi dữ liệu đã dùng / chưa dùng,,,
,,145,,,