p, superadmin, *, *, (read|create|update|delete|execute|manage)
p, admin, *, *, (read|create|update|delete|execute|manage)
p, operator, *, organizations, (read|create)
p, owner, *, organizations, (read|create|update|delete|manage)
p, member, *, organizations, read
p, operator, *, me, read
p, operator, *, devices, read
p, owner, *, devices, (read|create|update|delete|execute|manage)
p, member, *, devices, read
p, operator, *, campaigns, read
p, owner, *, campaigns, (read|create|update|delete|execute|manage)
p, member, *, campaigns, read
p, operator, *, executions, read
p, owner, *, executions, (read|create|update|delete|execute|manage)
p, member, *, executions, read
p, operator, *, scenario-templates, read
p, owner, *, scenario-templates, (read|create|update|delete|manage)
p, member, *, scenario-templates, read
p, operator, *, social-ext, read
p, owner, *, social-ext, (read|manage)
p, member, *, social-ext, read
p, platform-admin, *, social-ext, (read|manage)
p, operator, *, scenarios, read
p, owner, *, scenarios, (read|create|update|delete|manage)
p, member, *, scenarios, read
p, operator, *, accounts, read
p, owner, *, accounts, (read|create|update|delete|execute|manage)
p, member, *, accounts, read
p, operator, *, account-groups, read
p, owner, *, account-groups, (read|create|update|delete|execute|manage)
p, member, *, account-groups, read
p, operator, *, device-groups, read
p, owner, *, device-groups, (read|create|update|delete|manage)
p, member, *, device-groups, read
p, operator, *, schedules, read
p, owner, *, schedules, (read|create|update|delete|execute|manage)
p, member, *, schedules, read
p, operator, *, relay-agents, read
p, owner, *, relay-agents, (read|create|update|delete|execute|manage)
p, member, *, relay-agents, read
p, operator, *, notifications, (read|update)
p, owner, *, notifications, (read|create|update|delete|execute|manage)
p, member, *, notifications, read
p, operator, *, content, read
p, owner, *, content, (read|create|update|delete|manage)
p, member, *, content, read
p, operator, *, analytics, read
p, owner, *, analytics, read
p, member, *, analytics, read
p, operator, *, mcp, read
p, owner, *, mcp, (read|manage)
p, member, *, mcp, read
p, supervisor, *, mcp, (read|manage)
p, supervisor, *, organizations, read
p, supervisor, *, me, read
p, supervisor, *, devices, (read|create|execute)
p, supervisor, *, campaigns, (read|create|update|execute)
p, supervisor, *, executions, (read|create|execute)
p, supervisor, *, scenario-templates, read
p, supervisor, *, scenarios, (read|create|update)
p, supervisor, *, accounts, read
p, supervisor, *, account-groups, read
p, supervisor, *, device-groups, read
p, supervisor, *, schedules, (read|execute)
p, supervisor, *, relay-agents, read
p, supervisor, *, notifications, read
p, supervisor, *, content, read
p, supervisor, *, analytics, read
